date,Sal,Temp,Oxygen
2023-06-01 17:30:00,12.40603752734892,13.48,11.43
2023-06-01 17:40:00,12.40603752734892,13.476666666666668,11.46
2023-06-01 17:50:00,12.40603752734892,13.473333333333334,11.42
2023-06-01 18:00:00,12.48948090953802,13.47,11.4
2023-06-01 18:10:00,12.48948090953802,16.765760649351225,11.36
2023-06-01 18:20:00,12.48948090953802,16.765760649351225,11.31
2023-06-01 18:30:00,12.48948090953802,13.46,11.32
2023-06-01 18:40:00,12.48948090953802,13.46,11.24
2023-06-01 18:50:00,12.48948090953802,13.43,11.22
2023-06-01 19:00:00,12.60023588863463,13.43,11.18
2023-06-01 19:10:00,12.60023588863463,13.43,11.17
2023-06-01 19:20:00,12.60023588863463,13.43,11.13
2023-06-01 19:30:00,12.60023588863463,13.4,11.05
2023-06-01 19:40:00,12.60023588863463,13.4,11.07
2023-06-01 19:50:00,12.60023588863463,13.4,11.02
2023-06-01 20:00:00,12.6113334695653,13.36,11.04
2023-06-01 20:10:00,12.6113334695653,13.36,10.98
2023-06-01 20:20:00,12.6113334695653,13.36,10.87
2023-06-01 20:30:00,12.6113334695653,13.36,10.81
2023-06-01 20:40:00,12.6113334695653,13.33,10.85
2023-06-01 20:50:00,12.6113334695653,13.332727272727272,10.81
2023-06-01 21:00:00,12.494316243889507,13.335454545454546,10.81
2023-06-01 21:10:00,12.494316243889507,13.338181818181818,10.75
2023-06-01 21:20:00,12.494316243889507,13.34090909090909,10.69
2023-06-01 21:30:00,12.494316243889507,13.343636363636364,10.63
2023-06-01 21:40:00,12.494316243889507,13.346363636363636,10.57
2023-06-01 21:50:00,12.494316243889507,16.482585161947878,10.66
2023-06-01 22:00:00,12.47499468698504,16.504929880615013,10.87
2023-06-01 22:10:00,12.47499468698504,16.504929880615013,11.03
2023-06-01 22:20:00,12.47499468698504,16.504929880615013,10.92
2023-06-01 22:30:00,12.47499468698504,13.36,10.87
2023-06-01 22:40:00,12.47499468698504,13.362857142857145,10.81
2023-06-01 22:50:00,12.47499468698504,13.365714285714285,10.76
2023-06-01 23:00:00,12.51199246465036,13.368571428571428,10.67
2023-06-01 23:10:00,12.51199246465036,13.371428571428572,10.59
2023-06-01 23:20:00,12.51199246465036,13.374285714285714,10.49
2023-06-01 23:30:00,12.51199246465036,13.377142857142855,10.41
2023-06-01 23:40:00,12.51199246465036,16.615734553770015,10.33
2023-06-01 23:50:00,12.51199246465036,16.615734553770015,10.2
2023-06-02 00:00:00,12.5570950577783,16.309403568407994,10.15
2023-06-02 00:10:00,12.5570950577783,16.309403568407994,10.08
2023-06-02 00:20:00,12.5570950577783,16.309403568407994,10.0
2023-06-02 00:30:00,12.5570950577783,16.309403568407994,10.0
2023-06-02 00:40:00,12.5570950577783,16.309403568407994,9.98
2023-06-02 00:50:00,12.5570950577783,13.4,9.9
2023-06-02 01:00:00,12.666347197106692,13.43,9.87
2023-06-02 01:10:00,12.666347197106692,13.49,9.79
2023-06-02 01:20:00,12.666347197106692,13.58,9.96
2023-06-02 01:30:00,12.666347197106692,13.67,9.86
2023-06-02 01:40:00,12.666347197106692,13.67,9.85
2023-06-02 01:50:00,12.666347197106692,13.61,9.92
2023-06-02 02:00:00,12.595526021226956,13.67,9.9
2023-06-02 02:10:00,12.595526021226956,13.74,9.92
2023-06-02 02:20:00,12.595526021226956,13.71,9.85
2023-06-02 02:30:00,12.595526021226956,13.71,9.83
2023-06-02 02:40:00,12.595526021226956,13.71,9.72
2023-06-02 02:50:00,12.595526021226956,13.74,9.75
2023-06-02 03:00:00,12.486378854252695,13.8,9.8
2023-06-02 03:10:00,12.486378854252695,13.8,9.97
2023-06-02 03:20:00,12.486378854252695,13.89,10.1
2023-06-02 03:30:00,12.486378854252695,13.95,10.08
2023-06-02 03:40:00,12.486378854252695,13.95,10.17
2023-06-02 03:50:00,12.486378854252695,13.98,10.26
2023-06-02 04:00:00,12.479976187160563,14.01,10.51
2023-06-02 04:10:00,12.479976187160563,14.01,10.65
2023-06-02 04:20:00,12.479976187160563,14.01,10.7
2023-06-02 04:30:00,12.479976187160563,14.01,10.7
2023-06-02 04:40:00,12.479976187160563,13.98,10.71
2023-06-02 04:50:00,12.479976187160563,14.01,10.68
2023-06-02 05:00:00,12.327384372481427,14.01,10.63
2023-06-02 05:10:00,12.327384372481427,14.05,10.59
2023-06-02 05:20:00,12.327384372481427,14.08,10.57
2023-06-02 05:30:00,12.327384372481427,14.08,10.49
2023-06-02 05:40:00,12.327384372481427,14.05,10.53
2023-06-02 05:50:00,12.327384372481427,13.98,10.54
2023-06-02 06:00:00,12.263253968253968,13.95,10.53
2023-06-02 06:10:00,12.263253968253968,13.95,10.49
2023-06-02 06:20:00,12.263253968253968,13.98,10.34
2023-06-02 06:30:00,12.263253968253968,13.98,10.17
2023-06-02 06:40:00,12.263253968253968,13.98,10.03
2023-06-02 06:50:00,12.263253968253968,13.98,9.93
2023-06-02 07:00:00,12.369321507352216,13.98,9.88
2023-06-02 07:10:00,12.369321507352216,14.01,9.87
2023-06-02 07:20:00,12.369321507352216,14.01,9.88
2023-06-02 07:30:00,12.369321507352216,14.05,9.88
2023-06-02 07:40:00,12.369321507352216,14.05,9.88
2023-06-02 07:50:00,12.369321507352216,14.08,9.92
2023-06-02 08:00:00,12.269941305659792,14.11,9.95
2023-06-02 08:10:00,12.269941305659792,14.17,9.96
2023-06-02 08:20:00,12.269941305659792,14.23,9.95
2023-06-02 08:30:00,12.269941305659792,14.29,9.96
2023-06-02 08:40:00,12.269941305659792,14.32,9.96
2023-06-02 08:50:00,12.269941305659792,14.32,9.96
2023-06-02 09:00:00,12.275407768876216,14.35,9.97
2023-06-02 09:10:00,12.275407768876216,14.38,10.0
2023-06-02 09:20:00,12.275407768876216,14.45,9.97
2023-06-02 09:30:00,12.275407768876216,14.48,9.99
2023-06-02 09:40:00,12.275407768876216,14.51,9.96
2023-06-02 09:50:00,12.275407768876216,14.57,9.95
2023-06-02 10:00:00,12.313422396732056,14.57,9.95
2023-06-02 10:10:00,12.313422396732056,14.6,9.97
2023-06-02 10:20:00,12.313422396732056,14.66,9.96
2023-06-02 10:30:00,12.313422396732056,14.69,10.01
2023-06-02 10:40:00,12.313422396732056,14.72,10.02
2023-06-02 10:50:00,12.313422396732056,14.75,10.01
2023-06-02 11:00:00,12.209920875941693,14.78,9.97
2023-06-02 11:10:00,12.209920875941693,14.81,9.94
2023-06-02 11:20:00,12.209920875941693,14.84,9.95
2023-06-02 11:30:00,12.209920875941693,14.87,9.95
2023-06-02 11:40:00,12.209920875941693,14.9,9.92
2023-06-02 11:50:00,12.209920875941693,14.94,9.95
2023-06-02 12:00:00,12.250579117251345,14.97,9.97
2023-06-02 12:10:00,12.250579117251345,15.0,9.95
2023-06-02 12:20:00,12.250579117251345,15.03,9.92
2023-06-02 12:30:00,12.250579117251345,15.06,9.94
2023-06-02 12:40:00,12.250579117251345,15.09,9.93
2023-06-02 12:50:00,12.250579117251345,15.12,9.94
2023-06-02 13:00:00,12.361522185435648,15.15,9.96
2023-06-02 13:10:00,12.361522185435648,15.18,9.98
2023-06-02 13:20:00,12.361522185435648,15.21,10.05
2023-06-02 13:30:00,12.361522185435648,15.27,10.08
2023-06-02 13:40:00,12.361522185435648,15.27,10.13
2023-06-02 13:50:00,12.361522185435648,15.33,10.14
2023-06-02 14:00:00,12.427765760092491,15.36,10.11
2023-06-02 14:10:00,12.427765760092491,15.42,10.14
2023-06-02 14:20:00,12.427765760092491,15.45,10.15
2023-06-02 14:30:00,12.427765760092491,15.51,10.15
2023-06-02 14:40:00,12.427765760092491,15.54,10.19
2023-06-02 14:50:00,12.427765760092491,15.57,10.19
2023-06-02 15:00:00,12.310529044598812,15.6,10.24
2023-06-02 15:10:00,12.310529044598812,15.6,10.25
2023-06-02 15:20:00,12.310529044598812,15.64,10.28
2023-06-02 15:30:00,12.310529044598812,15.67,10.3
2023-06-02 15:40:00,12.310529044598812,15.7,10.3
2023-06-02 15:50:00,12.310529044598812,15.7,10.35
2023-06-02 16:00:00,12.381315146579803,15.73,10.36
2023-06-02 16:10:00,12.381315146579803,15.76,10.35
2023-06-02 16:20:00,12.381315146579803,15.79,10.37
2023-06-02 16:30:00,12.381315146579803,15.79,10.39
2023-06-02 16:40:00,12.381315146579803,15.82,10.38
2023-06-02 16:50:00,12.381315146579803,15.82,10.36
2023-06-02 17:00:00,12.40603752734892,15.82,10.37
2023-06-02 17:10:00,12.40603752734892,15.85,10.41
2023-06-02 17:20:00,12.40603752734892,15.85,10.48
2023-06-02 17:30:00,12.40603752734892,15.85,10.53
2023-06-02 17:40:00,12.40603752734892,15.88,10.55
2023-06-02 17:50:00,12.40603752734892,15.876666666666669,10.57
2023-06-02 18:00:00,12.48948090953802,15.873333333333331,10.56
2023-06-02 18:10:00,12.48948090953802,15.87,10.5
2023-06-02 18:20:00,12.48948090953802,15.866666666666667,10.43
2023-06-02 18:30:00,12.48948090953802,15.863333333333332,10.35
2023-06-02 18:40:00,12.48948090953802,15.86,10.26
2023-06-02 18:50:00,12.48948090953802,16.765760649351225,10.17
2023-06-02 19:00:00,12.60023588863463,16.57941620879121,10.13
2023-06-02 19:10:00,12.60023588863463,15.85,10.13
2023-06-02 19:20:00,12.60023588863463,15.85,10.08
2023-06-02 19:30:00,12.60023588863463,15.85,10.0
2023-06-02 19:40:00,12.60023588863463,15.82,10.0
2023-06-02 19:50:00,12.60023588863463,15.82,9.99
2023-06-02 20:00:00,12.6113334695653,15.82,10.0
2023-06-02 20:10:00,12.6113334695653,15.82,10.03
2023-06-02 20:20:00,12.6113334695653,15.91,10.07
2023-06-02 20:30:00,12.6113334695653,15.97,10.09
2023-06-02 20:40:00,12.6113334695653,16.06,10.09
2023-06-02 20:50:00,12.6113334695653,16.12,10.1
2023-06-02 21:00:00,12.494316243889507,16.12,10.14
2023-06-02 21:10:00,12.494316243889507,16.09,10.12
2023-06-02 21:20:00,12.494316243889507,16.06,10.1
2023-06-02 21:30:00,12.494316243889507,16.06,10.09
2023-06-02 21:40:00,12.494316243889507,16.06,10.06
2023-06-02 21:50:00,12.494316243889507,16.03,10.05
2023-06-02 22:00:00,12.47499468698504,16.06,10.05
2023-06-02 22:10:00,12.47499468698504,16.03,10.07
2023-06-02 22:20:00,12.47499468698504,16.0,10.01
2023-06-02 22:30:00,12.47499468698504,15.97,9.98
2023-06-02 22:40:00,12.47499468698504,15.97,9.99
2023-06-02 22:50:00,12.47499468698504,15.97,10.03
2023-06-02 23:00:00,12.51199246465036,15.94,9.98
2023-06-02 23:10:00,12.51199246465036,15.91,9.95
2023-06-02 23:20:00,12.51199246465036,15.91,9.95
2023-06-02 23:30:00,12.51199246465036,15.88,9.93
2023-06-02 23:40:00,12.51199246465036,15.88,9.89
2023-06-02 23:50:00,12.51199246465036,15.85,9.89
2023-06-03 00:00:00,12.5570950577783,15.82,9.85
2023-06-03 00:10:00,12.5570950577783,15.79,9.81
2023-06-03 00:20:00,12.5570950577783,15.76,9.78
2023-06-03 00:30:00,12.5570950577783,15.76,9.88
2023-06-03 00:40:00,12.5570950577783,15.73,9.84
2023-06-03 00:50:00,12.5570950577783,15.7,9.77
2023-06-03 01:00:00,12.666347197106692,15.7,9.77
2023-06-03 01:10:00,12.666347197106692,15.67,9.71
2023-06-03 01:20:00,12.666347197106692,15.64,9.64
2023-06-03 01:30:00,12.666347197106692,15.64,9.56
2023-06-03 01:40:00,12.666347197106692,15.6,9.44
2023-06-03 01:50:00,12.666347197106692,15.6,9.42
2023-06-03 02:00:00,12.595526021226956,15.57,9.41
2023-06-03 02:10:00,12.595526021226956,15.57,9.37
2023-06-03 02:20:00,12.595526021226956,15.54,9.33
2023-06-03 02:30:00,12.595526021226956,15.54,9.25
2023-06-03 02:40:00,12.595526021226956,15.51,9.24
2023-06-03 02:50:00,12.595526021226956,15.51,9.4
2023-06-03 03:00:00,12.486378854252695,15.48,9.46
2023-06-03 03:10:00,12.486378854252695,15.45,9.54
2023-06-03 03:20:00,12.486378854252695,15.45,9.7
2023-06-03 03:30:00,12.486378854252695,15.42,9.79
2023-06-03 03:40:00,12.486378854252695,15.39,9.87
2023-06-03 03:50:00,12.486378854252695,15.39,9.9
2023-06-03 04:00:00,12.479976187160563,15.36,9.93
2023-06-03 04:10:00,12.479976187160563,15.36,9.96
2023-06-03 04:20:00,12.479976187160563,15.36,9.95
2023-06-03 04:30:00,12.479976187160563,15.36,9.98
2023-06-03 04:40:00,12.479976187160563,15.39,9.98
2023-06-03 04:50:00,12.479976187160563,15.36,9.99
2023-06-03 05:00:00,12.327384372481427,15.36,10.03
2023-06-03 05:10:00,12.327384372481427,15.36,10.04
2023-06-03 05:20:00,12.327384372481427,15.36,10.1
2023-06-03 05:30:00,12.327384372481427,15.36,10.14
2023-06-03 05:40:00,12.327384372481427,15.33,10.03
2023-06-03 05:50:00,12.327384372481427,15.33,9.99
2023-06-03 06:00:00,12.263253968253968,15.33,9.99
2023-06-03 06:10:00,12.263253968253968,15.33,9.97
2023-06-03 06:20:00,12.263253968253968,15.3,10.05
2023-06-03 06:30:00,12.263253968253968,15.33,10.09
2023-06-03 06:40:00,12.263253968253968,15.33,10.12
2023-06-03 06:50:00,12.263253968253968,15.33,10.18
2023-06-03 07:00:00,12.369321507352216,15.33,10.17
2023-06-03 07:10:00,12.369321507352216,15.36,10.23
2023-06-03 07:20:00,12.369321507352216,15.36,10.2
2023-06-03 07:30:00,12.369321507352216,15.36,10.23
2023-06-03 07:40:00,12.369321507352216,15.39,10.26
2023-06-03 07:50:00,12.369321507352216,15.36,10.37
2023-06-03 08:00:00,12.269941305659792,15.36,10.33
2023-06-03 08:10:00,12.269941305659792,15.36,10.36
2023-06-03 08:20:00,12.269941305659792,15.39,10.3
2023-06-03 08:30:00,12.269941305659792,15.39,10.48
2023-06-03 08:40:00,12.269941305659792,15.39,10.44
2023-06-03 08:50:00,12.269941305659792,15.42,10.65
2023-06-03 09:00:00,12.275407768876216,15.42,10.67
2023-06-03 09:10:00,12.275407768876216,15.45,10.68
2023-06-03 09:20:00,12.275407768876216,15.45,10.66
2023-06-03 09:30:00,12.275407768876216,15.48,10.82
2023-06-03 09:40:00,12.275407768876216,15.51,10.83
2023-06-03 09:50:00,12.275407768876216,15.54,10.7
2023-06-03 10:00:00,12.313422396732056,15.57,10.61
2023-06-03 10:10:00,12.313422396732056,15.6,10.88
2023-06-03 10:20:00,12.313422396732056,15.64,10.97
2023-06-03 10:30:00,12.313422396732056,15.7,11.02
2023-06-03 10:40:00,12.313422396732056,15.73,10.82
2023-06-03 10:50:00,12.313422396732056,15.76,10.9
2023-06-03 11:00:00,12.209920875941693,15.82,10.61
2023-06-03 11:10:00,12.209920875941693,15.85,10.49
2023-06-03 11:20:00,12.209920875941693,15.91,10.48
2023-06-03 11:30:00,12.209920875941693,15.94,10.45
2023-06-03 11:40:00,12.209920875941693,15.97,10.47
2023-06-03 11:50:00,12.209920875941693,16.03,10.22
2023-06-03 12:00:00,12.250579117251345,16.06,10.55
2023-06-03 12:10:00,12.250579117251345,16.12,10.58
2023-06-03 12:20:00,12.250579117251345,16.15,10.53
2023-06-03 12:30:00,12.250579117251345,16.18,10.56
2023-06-03 12:40:00,12.250579117251345,16.24,10.59
2023-06-03 12:50:00,12.250579117251345,16.3,10.7
2023-06-03 13:00:00,12.361522185435648,16.33,10.83
2023-06-03 13:10:00,12.361522185435648,16.36,10.64
2023-06-03 13:20:00,12.361522185435648,16.39,10.74
2023-06-03 13:30:00,12.361522185435648,16.42,10.83
2023-06-03 13:40:00,12.361522185435648,16.45,10.92
2023-06-03 13:50:00,12.361522185435648,16.51,10.8
2023-06-03 14:00:00,12.427765760092491,16.51,10.87
2023-06-03 14:10:00,12.427765760092491,16.51,10.81
2023-06-03 14:20:00,12.427765760092491,16.48,10.74
2023-06-03 14:30:00,12.427765760092491,16.48,10.75
2023-06-03 14:40:00,12.427765760092491,16.51,10.77
2023-06-03 14:50:00,12.427765760092491,16.54,10.4
2023-06-03 15:00:00,12.310529044598812,16.57,10.56
2023-06-03 15:10:00,12.310529044598812,16.72,10.39
2023-06-03 15:20:00,12.310529044598812,16.75,10.43
2023-06-03 15:30:00,12.310529044598812,16.78,10.45
2023-06-03 15:40:00,12.310529044598812,16.81,10.49
2023-06-03 15:50:00,12.310529044598812,16.9,10.52
2023-06-03 16:00:00,12.381315146579803,16.93,10.55
2023-06-03 16:10:00,12.381315146579803,16.99,10.62
2023-06-03 16:20:00,12.381315146579803,17.02,10.68
2023-06-03 16:30:00,12.381315146579803,17.05,10.69
2023-06-03 16:40:00,12.381315146579803,17.11,10.7
2023-06-03 16:50:00,12.381315146579803,17.14,10.76
2023-06-03 17:00:00,12.40603752734892,17.14,10.79
2023-06-03 17:10:00,12.40603752734892,17.17,10.75
2023-06-03 17:20:00,12.40603752734892,17.17,10.74
2023-06-03 17:30:00,12.40603752734892,17.14,10.73
2023-06-03 17:40:00,12.40603752734892,17.14,10.73
2023-06-03 17:50:00,12.40603752734892,17.14,10.72
2023-06-03 18:00:00,12.48948090953802,17.11,10.55
2023-06-03 18:10:00,12.48948090953802,17.11,10.49
2023-06-03 18:20:00,12.48948090953802,17.08,10.4
2023-06-03 18:30:00,12.48948090953802,17.05,10.35
2023-06-03 18:40:00,12.48948090953802,16.99,10.34
2023-06-03 18:50:00,12.48948090953802,16.96,10.36
2023-06-03 19:00:00,12.60023588863463,16.96,10.4
2023-06-03 19:10:00,12.60023588863463,16.93,10.43
2023-06-03 19:20:00,12.60023588863463,16.93,10.54
2023-06-03 19:30:00,12.60023588863463,16.93,10.56
2023-06-03 19:40:00,12.60023588863463,16.93,10.61
2023-06-03 19:50:00,12.60023588863463,16.93,10.57
2023-06-03 20:00:00,12.6113334695653,16.9,10.56
2023-06-03 20:10:00,12.6113334695653,16.87,10.5
2023-06-03 20:20:00,12.6113334695653,16.81,10.51
2023-06-03 20:30:00,12.6113334695653,16.78,10.47
2023-06-03 20:40:00,12.6113334695653,16.75,10.45
2023-06-03 20:50:00,12.6113334695653,16.72,10.4
2023-06-03 21:00:00,12.494316243889507,16.66,10.32
2023-06-03 21:10:00,12.494316243889507,16.63,10.33
2023-06-03 21:20:00,12.494316243889507,16.6,10.24
2023-06-03 21:30:00,12.494316243889507,16.57,10.19
2023-06-03 21:40:00,12.494316243889507,16.54,10.13
2023-06-03 21:50:00,12.494316243889507,16.54,9.98
2023-06-03 22:00:00,12.47499468698504,16.54,9.87
2023-06-03 22:10:00,12.47499468698504,16.54,9.76
2023-06-03 22:20:00,12.47499468698504,16.51,9.77
2023-06-03 22:30:00,12.47499468698504,16.51,9.75
2023-06-03 22:40:00,12.47499468698504,16.51,9.74
2023-06-03 22:50:00,12.47499468698504,16.51,9.76
2023-06-03 23:00:00,12.51199246465036,16.51,9.78
2023-06-03 23:10:00,12.51199246465036,16.51,9.78
2023-06-03 23:20:00,12.51199246465036,16.48,9.81
2023-06-03 23:30:00,12.51199246465036,16.48,9.71
2023-06-03 23:40:00,12.51199246465036,16.48,9.77
2023-06-03 23:50:00,12.51199246465036,16.45,9.78
2023-06-04 00:00:00,12.5570950577783,16.42,9.78
2023-06-04 00:10:00,12.5570950577783,16.39,9.83
2023-06-04 00:20:00,12.5570950577783,16.33,9.84
2023-06-04 00:30:00,12.5570950577783,16.27,9.81
2023-06-04 00:40:00,12.5570950577783,16.24,9.83
2023-06-04 00:50:00,12.5570950577783,16.18,9.86
2023-06-04 01:00:00,12.666347197106692,16.15,9.99
2023-06-04 01:10:00,12.666347197106692,16.09,9.96
2023-06-04 01:20:00,12.666347197106692,16.09,9.98
2023-06-04 01:30:00,12.666347197106692,16.06,9.93
2023-06-04 01:40:00,12.666347197106692,16.06,9.87
2023-06-04 01:50:00,12.666347197106692,16.06,9.91
2023-06-04 02:00:00,12.595526021226956,16.06,9.81
2023-06-04 02:10:00,12.595526021226956,16.03,9.97
2023-06-04 02:20:00,12.595526021226956,16.03,9.88
2023-06-04 02:30:00,12.595526021226956,16.03,9.91
2023-06-04 02:40:00,12.595526021226956,16.0,9.93
2023-06-04 02:50:00,12.595526021226956,15.97,9.95
2023-06-04 03:00:00,12.486378854252695,15.97,9.94
2023-06-04 03:10:00,12.486378854252695,15.94,9.93
2023-06-04 03:20:00,12.486378854252695,15.94,9.93
2023-06-04 03:30:00,12.486378854252695,15.94,9.95
2023-06-04 03:40:00,12.486378854252695,15.94,9.97
2023-06-04 03:50:00,12.486378854252695,15.94,9.95
2023-06-04 04:00:00,12.479976187160563,15.91,9.94
2023-06-04 04:10:00,12.479976187160563,15.91,9.99
2023-06-04 04:20:00,12.479976187160563,15.88,10.07
2023-06-04 04:30:00,12.479976187160563,15.88,10.05
2023-06-04 04:40:00,12.479976187160563,15.88,10.02
2023-06-04 04:50:00,12.479976187160563,15.88,9.87
2023-06-04 05:00:00,12.327384372481427,15.85,9.9
2023-06-04 05:10:00,12.327384372481427,15.85,9.95
2023-06-04 05:20:00,12.327384372481427,15.82,10.0
2023-06-04 05:30:00,12.327384372481427,15.82,10.06
2023-06-04 05:40:00,12.327384372481427,15.79,10.12
2023-06-04 05:50:00,12.327384372481427,15.79,10.21
2023-06-04 06:00:00,12.263253968253968,15.79,10.28
2023-06-04 06:10:00,12.263253968253968,15.79,10.32
2023-06-04 06:20:00,12.263253968253968,15.76,10.34
2023-06-04 06:30:00,12.263253968253968,15.73,10.23
2023-06-04 06:40:00,12.263253968253968,15.7,10.19
2023-06-04 06:50:00,12.263253968253968,15.54,10.26
2023-06-04 07:00:00,12.369321507352216,15.42,10.24
2023-06-04 07:10:00,12.369321507352216,15.33,10.31
2023-06-04 07:20:00,12.369321507352216,15.3,10.29
2023-06-04 07:30:00,12.369321507352216,15.27,10.43
2023-06-04 07:40:00,12.369321507352216,15.24,10.29
2023-06-04 07:50:00,12.369321507352216,15.24,10.46
2023-06-04 08:00:00,12.269941305659792,15.27,10.51
2023-06-04 08:10:00,12.269941305659792,15.3,10.52
2023-06-04 08:20:00,12.269941305659792,15.33,10.6
2023-06-04 08:30:00,12.269941305659792,15.3,10.55
2023-06-04 08:40:00,12.269941305659792,15.303333333333336,10.54
2023-06-04 08:50:00,12.269941305659792,15.306666666666668,10.6
2023-06-04 09:00:00,12.275407768876216,15.31,10.76
2023-06-04 09:10:00,12.275407768876216,15.313333333333334,10.87
2023-06-04 09:20:00,12.275407768876216,15.316666666666666,10.97
2023-06-04 09:30:00,12.275407768876216,15.32,11.12
2023-06-04 09:40:00,12.275407768876216,16.36787501658045,11.1
2023-06-04 09:50:00,12.275407768876216,16.36787501658045,11.14
2023-06-04 10:00:00,12.313422396732056,15.33,11.07
2023-06-04 10:10:00,12.313422396732056,15.33,11.19
2023-06-04 10:20:00,12.313422396732056,15.33,11.13
2023-06-04 10:30:00,12.313422396732056,15.36,11.13
2023-06-04 10:40:00,12.313422396732056,15.39,11.26
2023-06-04 10:50:00,12.313422396732056,15.39,11.17
2023-06-04 11:00:00,12.209920875941693,15.33,11.26
2023-06-04 11:10:00,12.209920875941693,15.24,11.35
2023-06-04 11:20:00,12.209920875941693,15.21,11.41
2023-06-04 11:30:00,12.209920875941693,15.21,11.64
2023-06-04 11:40:00,12.209920875941693,15.24,11.64
2023-06-04 11:50:00,12.209920875941693,15.27,11.35
2023-06-04 12:00:00,12.250579117251345,15.3,11.17
2023-06-04 12:10:00,12.250579117251345,15.3,11.42
2023-06-04 12:20:00,12.250579117251345,15.3,10.92
2023-06-04 12:30:00,12.250579117251345,15.24,10.95
2023-06-04 12:40:00,12.250579117251345,15.24,11.23
2023-06-04 12:50:00,12.250579117251345,15.24,11.14
2023-06-04 13:00:00,12.361522185435648,15.24,10.81
2023-06-04 13:10:00,12.361522185435648,15.24,10.79
2023-06-04 13:20:00,12.361522185435648,15.27,10.56
2023-06-04 13:30:00,12.361522185435648,15.27,10.4
2023-06-04 13:40:00,12.361522185435648,15.33,10.37
2023-06-04 13:50:00,12.361522185435648,15.42,10.5
2023-06-04 14:00:00,12.427765760092491,15.57,10.64
2023-06-04 14:10:00,12.427765760092491,15.7,10.62
2023-06-04 14:20:00,12.427765760092491,15.85,10.69
2023-06-04 14:30:00,12.427765760092491,15.94,10.66
2023-06-04 14:40:00,12.427765760092491,16.0,10.75
2023-06-04 14:50:00,12.427765760092491,16.06,10.74
2023-06-04 15:00:00,12.310529044598812,16.15,10.73
2023-06-04 15:10:00,12.310529044598812,16.18,10.77
2023-06-04 15:20:00,12.310529044598812,16.24,10.8
2023-06-04 15:30:00,12.310529044598812,16.27,10.87
2023-06-04 15:40:00,12.310529044598812,16.274285714285714,10.81
2023-06-04 15:50:00,12.310529044598812,16.27857142857143,10.89
2023-06-04 16:00:00,12.381315146579803,16.282857142857143,10.86
2023-06-04 16:10:00,12.381315146579803,16.287142857142857,10.88
2023-06-04 16:20:00,12.381315146579803,16.291428571428572,11.01
2023-06-04 16:30:00,12.381315146579803,16.295714285714286,10.92
2023-06-04 16:40:00,12.381315146579803,16.3,10.91
2023-06-04 16:50:00,12.381315146579803,16.3,10.88
2023-06-04 17:00:00,12.40603752734892,16.33,10.83
2023-06-04 17:10:00,12.40603752734892,16.33,10.81
2023-06-04 17:20:00,12.40603752734892,16.33,11.336666666666668
2023-06-04 17:30:00,12.40603752734892,16.33,11.863333333333332
2023-06-04 17:40:00,12.40603752734892,16.33,12.39
2023-06-04 17:50:00,12.40603752734892,16.33,12.44
2023-06-04 18:00:00,12.48948090953802,16.33,12.45
2023-06-04 18:10:00,12.48948090953802,16.36,12.42
2023-06-04 18:20:00,12.48948090953802,16.36,12.43
2023-06-04 18:30:00,12.48948090953802,16.36,12.41
2023-06-04 18:40:00,12.48948090953802,16.36,12.37
2023-06-04 18:50:00,12.48948090953802,16.33,12.35
2023-06-04 19:00:00,12.60023588863463,16.33,12.29
2023-06-04 19:10:00,12.60023588863463,16.3,12.23
2023-06-04 19:20:00,12.60023588863463,16.24,12.11
2023-06-04 19:30:00,12.60023588863463,16.12,12.07
2023-06-04 19:40:00,12.60023588863463,16.03,11.99
2023-06-04 19:50:00,12.60023588863463,15.94,11.96
2023-06-04 20:00:00,12.6113334695653,15.88,11.95
2023-06-04 20:10:00,12.6113334695653,15.85,11.88
2023-06-04 20:20:00,12.6113334695653,15.79,11.84
2023-06-04 20:30:00,12.6113334695653,15.73,11.81
2023-06-04 20:40:00,12.6113334695653,15.7,11.68
2023-06-04 20:50:00,12.6113334695653,15.64,11.67
2023-06-04 21:00:00,12.494316243889507,15.6,11.62
2023-06-04 21:10:00,12.494316243889507,15.57,11.53
2023-06-04 21:20:00,12.494316243889507,15.57,11.44
2023-06-04 21:30:00,12.494316243889507,15.57,11.47
2023-06-04 21:40:00,12.494316243889507,15.57,11.45
2023-06-04 21:50:00,12.494316243889507,15.57,11.57
2023-06-04 22:00:00,12.47499468698504,15.54,11.51
2023-06-04 22:10:00,12.47499468698504,15.54,11.48
2023-06-04 22:20:00,12.47499468698504,15.54,11.45
2023-06-04 22:30:00,12.47499468698504,15.51,11.38
2023-06-04 22:40:00,12.47499468698504,15.51,11.28
2023-06-04 22:50:00,12.47499468698504,15.51,11.16
2023-06-04 23:00:00,12.51199246465036,15.54,11.11
2023-06-04 23:10:00,12.51199246465036,15.51,11.09
2023-06-04 23:20:00,12.51199246465036,15.54,11.11
2023-06-04 23:30:00,12.51199246465036,15.54,10.91
2023-06-04 23:40:00,12.51199246465036,15.54,10.72
2023-06-04 23:50:00,12.51199246465036,15.6,10.7
2023-06-05 00:00:00,12.5570950577783,15.64,10.68
2023-06-05 00:10:00,12.5570950577783,15.64,10.61
2023-06-05 00:20:00,12.5570950577783,15.67,10.68
2023-06-05 00:30:00,12.5570950577783,15.7,10.66
2023-06-05 00:40:00,12.5570950577783,15.7,10.65
2023-06-05 00:50:00,12.5570950577783,15.67,10.67
2023-06-05 01:00:00,12.666347197106692,15.67,10.64
2023-06-05 01:10:00,12.666347197106692,15.67,10.65
2023-06-05 01:20:00,12.666347197106692,15.64,10.71
2023-06-05 01:30:00,12.666347197106692,15.57,10.72
2023-06-05 01:40:00,12.666347197106692,15.45,10.69
2023-06-05 01:50:00,12.666347197106692,15.42,10.61
2023-06-05 02:00:00,12.595526021226956,15.39,10.57
2023-06-05 02:10:00,12.595526021226956,15.33,10.4
2023-06-05 02:20:00,12.595526021226956,15.27,10.26
2023-06-05 02:30:00,12.595526021226956,15.21,10.23
2023-06-05 02:40:00,12.595526021226956,15.18,10.22
2023-06-05 02:50:00,12.595526021226956,15.15,10.18
2023-06-05 03:00:00,12.486378854252695,15.15,10.26
2023-06-05 03:10:00,12.486378854252695,15.12,10.16
2023-06-05 03:20:00,12.486378854252695,15.09,10.19
2023-06-05 03:30:00,12.486378854252695,15.06,10.11
2023-06-05 03:40:00,12.486378854252695,15.06,10.12
2023-06-05 03:50:00,12.486378854252695,15.06,10.13
2023-06-05 04:00:00,12.479976187160563,15.03,10.19
2023-06-05 04:10:00,12.479976187160563,15.06,10.25
2023-06-05 04:20:00,12.479976187160563,15.06,10.35
2023-06-05 04:30:00,12.479976187160563,15.06,10.43
2023-06-05 04:40:00,12.479976187160563,15.06,10.46
2023-06-05 04:50:00,12.479976187160563,15.06,10.51
2023-06-05 05:00:00,12.327384372481427,15.09,10.44
2023-06-05 05:10:00,12.327384372481427,15.09157894736842,10.38
2023-06-05 05:20:00,12.327384372481427,15.093157894736844,10.42
2023-06-05 05:30:00,12.327384372481427,15.094736842105265,10.5
2023-06-05 05:40:00,12.327384372481427,15.096315789473683,10.5
2023-06-05 05:50:00,12.327384372481427,15.097894736842106,10.54
2023-06-05 06:00:00,12.263253968253968,15.099473684210526,10.54
2023-06-05 06:10:00,12.263253968253968,16.128017462707973,10.61
2023-06-05 06:20:00,12.263253968253968,16.128017462707973,10.68
2023-06-05 06:30:00,12.263253968253968,16.128017462707973,10.63
2023-06-05 06:40:00,12.263253968253968,16.128017462707973,10.57
2023-06-05 06:50:00,12.263253968253968,16.128017462707973,10.65
2023-06-05 07:00:00,12.369321507352216,16.2356603477168,10.7
2023-06-05 07:10:00,12.369321507352216,16.2356603477168,10.68
2023-06-05 07:20:00,12.369321507352216,16.2356603477168,10.75
2023-06-05 07:30:00,12.369321507352216,16.2356603477168,10.79
2023-06-05 07:40:00,12.369321507352216,16.2356603477168,10.87
2023-06-05 07:50:00,12.369321507352216,16.2356603477168,10.89
2023-06-05 08:00:00,12.269941305659792,16.296334415584415,10.94
2023-06-05 08:10:00,12.269941305659792,15.12,10.94
2023-06-05 08:20:00,12.269941305659792,15.15,10.98
2023-06-05 08:30:00,12.269941305659792,15.15,11.06
2023-06-05 08:40:00,12.269941305659792,15.18,11.16
2023-06-05 08:50:00,12.269941305659792,15.21,11.32
2023-06-05 09:00:00,12.275407768876216,15.21,11.37
2023-06-05 09:10:00,12.275407768876216,15.24,11.29
2023-06-05 09:20:00,12.275407768876216,15.27,11.44
2023-06-05 09:30:00,12.275407768876216,15.3,11.43
2023-06-05 09:40:00,12.275407768876216,15.33,11.61
2023-06-05 09:50:00,12.275407768876216,15.33,11.6
2023-06-05 10:00:00,12.313422396732056,15.36,11.71
2023-06-05 10:10:00,12.313422396732056,15.39,11.76
2023-06-05 10:20:00,12.313422396732056,15.39,11.87
2023-06-05 10:30:00,12.313422396732056,15.42,12.01
2023-06-05 10:40:00,12.313422396732056,15.45,12.15
2023-06-05 10:50:00,12.313422396732056,15.48,11.89
2023-06-05 11:00:00,12.209920875941693,15.495,11.67
2023-06-05 11:10:00,12.209920875941693,15.51,11.45
2023-06-05 11:20:00,12.209920875941693,15.54,11.44
2023-06-05 11:30:00,12.209920875941693,15.57,11.63
2023-06-05 11:40:00,12.209920875941693,15.64,11.06
2023-06-05 11:50:00,12.209920875941693,15.67,11.31
2023-06-05 12:00:00,12.250579117251345,15.73,11.04
2023-06-05 12:10:00,12.250579117251345,15.76,10.99
2023-06-05 12:20:00,12.250579117251345,15.82,10.8
2023-06-05 12:30:00,12.250579117251345,15.88,10.78
2023-06-05 12:40:00,12.250579117251345,15.94,10.8
2023-06-05 12:50:00,12.250579117251345,15.97,10.81
2023-06-05 13:00:00,12.361522185435648,16.06,10.76
2023-06-05 13:10:00,12.361522185435648,16.24,10.79
2023-06-05 13:20:00,12.361522185435648,16.36,10.79
2023-06-05 13:30:00,12.361522185435648,16.45,10.79
2023-06-05 13:40:00,12.361522185435648,16.51,10.9
2023-06-05 13:50:00,12.361522185435648,16.6,10.82
2023-06-05 14:00:00,12.427765760092491,16.69,10.82
2023-06-05 14:10:00,12.427765760092491,16.75,10.86
2023-06-05 14:20:00,12.427765760092491,16.84,10.93
2023-06-05 14:30:00,12.427765760092491,16.9,10.98
2023-06-05 14:40:00,12.427765760092491,16.93,11.0
2023-06-05 14:50:00,12.427765760092491,16.96,10.99
2023-06-05 15:00:00,12.310529044598812,16.96,11.02
2023-06-05 15:10:00,12.310529044598812,16.99,11.02
2023-06-05 15:20:00,12.310529044598812,17.02,11.0
2023-06-05 15:30:00,12.310529044598812,17.02,11.08
2023-06-05 15:40:00,12.310529044598812,17.05,11.08
2023-06-05 15:50:00,12.310529044598812,17.11,11.14
2023-06-05 16:00:00,12.381315146579803,17.14,11.21
2023-06-05 16:10:00,12.381315146579803,17.14,11.2
2023-06-05 16:20:00,12.381315146579803,17.11,11.12
2023-06-05 16:30:00,12.381315146579803,17.14,11.12
2023-06-05 16:40:00,12.381315146579803,17.17,11.23
2023-06-05 16:50:00,12.381315146579803,17.17,11.19
2023-06-05 17:00:00,12.40603752734892,17.17,11.13
2023-06-05 17:10:00,12.40603752734892,17.17,11.11
2023-06-05 17:20:00,12.40603752734892,17.17,11.1
2023-06-05 17:30:00,12.40603752734892,17.2,11.09
2023-06-05 17:40:00,12.40603752734892,17.17,11.06
2023-06-05 17:50:00,12.40603752734892,17.2,11.01
2023-06-05 18:00:00,12.48948090953802,17.2,10.89
2023-06-05 18:10:00,12.48948090953802,17.2,10.84
2023-06-05 18:20:00,12.48948090953802,17.17,10.8
2023-06-05 18:30:00,12.48948090953802,17.17,10.74
2023-06-05 18:40:00,12.48948090953802,17.17,10.7
2023-06-05 18:50:00,12.48948090953802,17.17,10.67
2023-06-05 19:00:00,12.60023588863463,17.17,10.62
2023-06-05 19:10:00,12.60023588863463,17.14,10.53
2023-06-05 19:20:00,12.60023588863463,17.136666666666667,10.53
2023-06-05 19:30:00,12.60023588863463,17.133333333333333,10.5
2023-06-05 19:40:00,12.60023588863463,17.13,10.39
2023-06-05 19:50:00,12.60023588863463,17.126666666666665,10.35
2023-06-05 20:00:00,12.6113334695653,17.123333333333335,10.31
2023-06-05 20:10:00,12.6113334695653,17.12,10.29
2023-06-05 20:20:00,12.6113334695653,16.431022375612894,10.23
2023-06-05 20:30:00,12.6113334695653,16.431022375612894,10.22
2023-06-05 20:40:00,12.6113334695653,17.11,10.33
2023-06-05 20:50:00,12.6113334695653,17.107272727272726,10.41
2023-06-05 21:00:00,12.494316243889507,17.104545454545455,10.39
2023-06-05 21:10:00,12.494316243889507,17.10181818181818,10.5
2023-06-05 21:20:00,12.494316243889507,17.099090909090908,10.48
2023-06-05 21:30:00,12.494316243889507,17.096363636363634,10.45
2023-06-05 21:40:00,12.494316243889507,17.093636363636364,10.34
2023-06-05 21:50:00,12.494316243889507,16.482585161947878,10.35
2023-06-05 22:00:00,12.47499468698504,16.504929880615013,10.35
2023-06-05 22:10:00,12.47499468698504,16.504929880615013,10.45
2023-06-05 22:20:00,12.47499468698504,16.504929880615013,10.46
2023-06-05 22:30:00,12.47499468698504,17.08,10.37
2023-06-05 22:40:00,12.47499468698504,17.08,10.36
2023-06-05 22:50:00,12.47499468698504,17.02,10.42
2023-06-05 23:00:00,12.51199246465036,16.99,10.48
2023-06-05 23:10:00,12.51199246465036,16.96,10.37
2023-06-05 23:20:00,12.51199246465036,16.93,10.48
2023-06-05 23:30:00,12.51199246465036,16.93,10.47
2023-06-05 23:40:00,12.51199246465036,16.93,10.47
2023-06-05 23:50:00,12.51199246465036,16.9,10.57
2023-06-06 00:00:00,12.5570950577783,16.897499999999997,10.61
2023-06-06 00:10:00,12.5570950577783,16.895,10.69
2023-06-06 00:20:00,12.5570950577783,16.8925,10.83
2023-06-06 00:30:00,12.5570950577783,16.89,10.88
2023-06-06 00:40:00,12.5570950577783,16.8875,10.76
2023-06-06 00:50:00,12.5570950577783,16.884999999999998,11.01
2023-06-06 01:00:00,12.666347197106692,16.26279260217184,11.06
2023-06-06 01:10:00,12.666347197106692,16.26279260217184,11.11
2023-06-06 01:20:00,12.666347197106692,16.26279260217184,11.14
2023-06-06 01:30:00,12.666347197106692,16.26279260217184,11.33
2023-06-06 01:40:00,12.666347197106692,16.26279260217184,11.36
2023-06-06 01:50:00,12.666347197106692,16.87,11.47
2023-06-06 02:00:00,12.595526021226956,16.81,11.53
2023-06-06 02:10:00,12.595526021226956,16.78,11.54
2023-06-06 02:20:00,12.595526021226956,16.75,11.55
2023-06-06 02:30:00,12.595526021226956,16.69,11.59
2023-06-06 02:40:00,12.595526021226956,16.63,11.59
2023-06-06 02:50:00,12.595526021226956,16.51,11.59
2023-06-06 03:00:00,12.486378854252695,16.45,11.56
2023-06-06 03:10:00,12.486378854252695,16.42,11.52
2023-06-06 03:20:00,12.486378854252695,16.39,11.55
2023-06-06 03:30:00,12.486378854252695,16.3,11.53
2023-06-06 03:40:00,12.486378854252695,16.21,11.5
2023-06-06 03:50:00,12.486378854252695,16.12,11.5
2023-06-06 04:00:00,12.479976187160563,16.03,11.47
2023-06-06 04:10:00,12.479976187160563,15.97,11.42
2023-06-06 04:20:00,12.479976187160563,15.91,11.45
2023-06-06 04:30:00,12.479976187160563,15.82,11.41
2023-06-06 04:40:00,12.479976187160563,15.73,11.39
2023-06-06 04:50:00,12.479976187160563,15.67,11.39
2023-06-06 05:00:00,12.327384372481427,15.64,11.4
2023-06-06 05:10:00,12.327384372481427,15.6,11.34
2023-06-06 05:20:00,12.327384372481427,15.57,11.39
2023-06-06 05:30:00,12.327384372481427,15.57,11.39
2023-06-06 05:40:00,12.327384372481427,15.54,11.34
2023-06-06 05:50:00,12.327384372481427,15.51,11.19
2023-06-06 06:00:00,12.263253968253968,15.51,11.18
2023-06-06 06:10:00,12.263253968253968,15.48,11.13
2023-06-06 06:20:00,12.263253968253968,15.48,11.23
2023-06-06 06:30:00,12.263253968253968,15.48,11.31
2023-06-06 06:40:00,12.263253968253968,15.48,11.31
2023-06-06 06:50:00,12.263253968253968,15.48,11.29
2023-06-06 07:00:00,12.369321507352216,15.48,11.31
2023-06-06 07:10:00,12.369321507352216,15.45,11.38
2023-06-06 07:20:00,12.369321507352216,15.48,11.39
2023-06-06 07:30:00,12.369321507352216,15.48,11.44
2023-06-06 07:40:00,12.369321507352216,15.51,11.56
2023-06-06 07:50:00,12.369321507352216,15.51,11.54
2023-06-06 08:00:00,12.269941305659792,15.51,11.59
2023-06-06 08:10:00,12.269941305659792,15.51,11.56
2023-06-06 08:20:00,12.269941305659792,15.54,11.74
2023-06-06 08:30:00,12.269941305659792,15.54,11.8
2023-06-06 08:40:00,12.269941305659792,15.57,12.0
2023-06-06 08:50:00,12.269941305659792,15.6,11.91
2023-06-06 09:00:00,12.275407768876216,15.64,12.01
2023-06-06 09:10:00,12.275407768876216,15.64,11.91
2023-06-06 09:20:00,12.275407768876216,15.67,11.91
2023-06-06 09:30:00,12.275407768876216,15.67,12.12
2023-06-06 09:40:00,12.275407768876216,15.67,12.2
2023-06-06 09:50:00,12.275407768876216,15.7,12.24
2023-06-06 10:00:00,12.313422396732056,15.7,12.42
2023-06-06 10:10:00,12.313422396732056,15.73,12.1
2023-06-06 10:20:00,12.313422396732056,15.76,11.96
2023-06-06 10:30:00,12.313422396732056,15.79,12.24
2023-06-06 10:40:00,12.313422396732056,15.82,12.59
2023-06-06 10:50:00,12.313422396732056,15.85,12.55
2023-06-06 11:00:00,12.209920875941693,15.91,12.63
2023-06-06 11:10:00,12.209920875941693,15.94,12.86
2023-06-06 11:20:00,12.209920875941693,15.97,13.0
2023-06-06 11:30:00,12.209920875941693,16.03,12.555
2023-06-06 11:40:00,12.209920875941693,16.09,12.11
2023-06-06 11:50:00,12.209920875941693,16.134999999999998,12.145
2023-06-06 12:00:00,12.250579117251345,16.18,12.18
2023-06-06 12:10:00,12.250579117251345,16.24,12.01
2023-06-06 12:20:00,12.250579117251345,16.307499999999997,11.915
2023-06-06 12:30:00,12.250579117251345,16.375,11.82
2023-06-06 12:40:00,12.250579117251345,16.442500000000003,11.725
2023-06-06 12:50:00,12.250579117251345,16.51,11.63
2023-06-06 13:00:00,12.361522185435648,16.57,11.49
2023-06-06 13:10:00,12.361522185435648,16.6,11.85
2023-06-06 13:20:00,12.361522185435648,16.69,12.1
2023-06-06 13:30:00,12.361522185435648,16.87,11.74
2023-06-06 13:40:00,12.361522185435648,17.02,11.53
2023-06-06 13:50:00,12.361522185435648,17.23,11.14
2023-06-06 14:00:00,12.427765760092491,17.32,11.15
2023-06-06 14:10:00,12.427765760092491,17.38,10.95
2023-06-06 14:20:00,12.427765760092491,17.44,10.99
2023-06-06 14:30:00,12.427765760092491,17.47,11.02
2023-06-06 14:40:00,12.427765760092491,17.56,11.01
2023-06-06 14:50:00,12.427765760092491,17.62,10.99
2023-06-06 15:00:00,12.310529044598812,17.71,10.94
2023-06-06 15:10:00,12.310529044598812,17.74,10.9
2023-06-06 15:20:00,12.310529044598812,17.8,10.85
2023-06-06 15:30:00,12.310529044598812,17.86,10.79
2023-06-06 15:40:00,12.310529044598812,17.92,10.82
2023-06-06 15:50:00,12.310529044598812,18.01,10.79
2023-06-06 16:00:00,12.381315146579803,18.01,10.81
2023-06-06 16:10:00,12.381315146579803,18.03,10.76
2023-06-06 16:20:00,12.381315146579803,18.06,10.71
2023-06-06 16:30:00,12.381315146579803,18.09,10.68
2023-06-06 16:40:00,12.381315146579803,18.09,10.67
2023-06-06 16:50:00,12.381315146579803,18.09,10.63
2023-06-06 17:00:00,12.40603752734892,18.12,10.73
2023-06-06 17:10:00,12.40603752734892,18.09,10.66
2023-06-06 17:20:00,12.40603752734892,18.12,10.62
2023-06-06 17:30:00,12.40603752734892,18.12,10.63
2023-06-06 17:40:00,12.40603752734892,18.12,10.67
2023-06-06 17:50:00,12.40603752734892,18.15,10.62
2023-06-06 18:00:00,12.48948090953802,18.15,10.56
2023-06-06 18:10:00,12.48948090953802,18.15,10.51
2023-06-06 18:20:00,12.48948090953802,18.18,10.46
2023-06-06 18:30:00,12.48948090953802,18.18,10.41
2023-06-06 18:40:00,12.48948090953802,18.18,10.35
2023-06-06 18:50:00,12.48948090953802,18.18,10.36
2023-06-06 19:00:00,12.60023588863463,18.18,10.22
2023-06-06 19:10:00,12.60023588863463,18.21,10.25
2023-06-06 19:20:00,12.60023588863463,18.21,10.18
2023-06-06 19:30:00,12.60023588863463,18.24,10.18
2023-06-06 19:40:00,12.60023588863463,18.225,10.795
2023-06-06 19:50:00,12.60023588863463,18.21,11.41
2023-06-06 20:00:00,12.6113334695653,18.20625,11.8
2023-06-06 20:10:00,12.6113334695653,18.2025,12.11
2023-06-06 20:20:00,12.6113334695653,18.19875,12.46
2023-06-06 20:30:00,12.6113334695653,18.195,12.63
2023-06-06 20:40:00,12.6113334695653,18.19125,12.69
2023-06-06 20:50:00,12.6113334695653,18.1875,12.82
2023-06-06 21:00:00,12.494316243889507,16.482585161947878,12.84
2023-06-06 21:10:00,12.494316243889507,18.18,12.9
2023-06-06 21:20:00,12.494316243889507,18.18,12.94
2023-06-06 21:30:00,12.494316243889507,18.15,12.91
2023-06-06 21:40:00,12.494316243889507,18.12,12.89
2023-06-06 21:50:00,12.494316243889507,17.98,12.83
2023-06-06 22:00:00,12.47499468698504,17.8,12.76
2023-06-06 22:10:00,12.47499468698504,17.65,12.67
2023-06-06 22:20:00,12.47499468698504,17.44,12.56
2023-06-06 22:30:00,12.47499468698504,17.29,12.52
2023-06-06 22:40:00,12.47499468698504,17.17,12.47
2023-06-06 22:50:00,12.47499468698504,17.05,12.35
2023-06-06 23:00:00,12.51199246465036,16.96,12.3
2023-06-06 23:10:00,12.51199246465036,16.87,12.21
2023-06-06 23:20:00,12.51199246465036,16.75,12.07
2023-06-06 23:30:00,12.51199246465036,16.66,11.93
2023-06-06 23:40:00,12.51199246465036,16.54,11.93
2023-06-06 23:50:00,12.51199246465036,16.48,11.82
2023-06-07 00:00:00,12.5570950577783,16.42,11.72
2023-06-07 00:10:00,12.5570950577783,16.33,11.61
2023-06-07 00:20:00,12.5570950577783,16.27,11.54
2023-06-07 00:30:00,12.5570950577783,16.21,11.54
2023-06-07 00:40:00,12.5570950577783,16.18,11.56
2023-06-07 00:50:00,12.5570950577783,16.12,11.53
2023-06-07 01:00:00,12.666347197106692,16.06,11.47
2023-06-07 01:10:00,12.666347197106692,16.06,11.49
2023-06-07 01:20:00,12.666347197106692,16.03,11.46
2023-06-07 01:30:00,12.666347197106692,16.0,11.45
2023-06-07 01:40:00,12.666347197106692,15.97,11.42
2023-06-07 01:50:00,12.666347197106692,15.97,11.41
2023-06-07 02:00:00,12.595526021226956,15.94,11.36
2023-06-07 02:10:00,12.595526021226956,15.94,11.32
2023-06-07 02:20:00,12.595526021226956,15.94,11.24
2023-06-07 02:30:00,12.595526021226956,15.91,11.18
2023-06-07 02:40:00,12.595526021226956,15.91,11.17
2023-06-07 02:50:00,12.595526021226956,15.88,11.1
2023-06-07 03:00:00,12.486378854252695,15.88,11.11
2023-06-07 03:10:00,12.486378854252695,15.82,11.02
2023-06-07 03:20:00,12.486378854252695,15.82,10.99
2023-06-07 03:30:00,12.486378854252695,15.79,10.99
2023-06-07 03:40:00,12.486378854252695,15.76,10.94
2023-06-07 03:50:00,12.486378854252695,15.73,10.93
2023-06-07 04:00:00,12.479976187160563,15.7,10.91
2023-06-07 04:10:00,12.479976187160563,15.67,10.95
2023-06-07 04:20:00,12.479976187160563,15.67,10.94
2023-06-07 04:30:00,12.479976187160563,15.67,10.97
2023-06-07 04:40:00,12.479976187160563,15.64,11.05
2023-06-07 04:50:00,12.479976187160563,15.64,11.08
2023-06-07 05:00:00,12.327384372481427,15.6,11.11
2023-06-07 05:10:00,12.327384372481427,15.57,11.11
2023-06-07 05:20:00,12.327384372481427,15.57,11.14
2023-06-07 05:30:00,12.327384372481427,15.54,11.17
2023-06-07 05:40:00,12.327384372481427,15.51,11.15
2023-06-07 05:50:00,12.327384372481427,15.48,11.15
2023-06-07 06:00:00,12.263253968253968,15.45,11.21
2023-06-07 06:10:00,12.263253968253968,15.42,11.24
2023-06-07 06:20:00,12.263253968253968,15.39,11.29
2023-06-07 06:30:00,12.263253968253968,15.36,11.29
2023-06-07 06:40:00,12.263253968253968,15.33,11.33
2023-06-07 06:50:00,12.263253968253968,15.3,11.33
2023-06-07 07:00:00,12.369321507352216,15.27,11.4
2023-06-07 07:10:00,12.369321507352216,15.24,11.52
2023-06-07 07:20:00,12.369321507352216,15.21,11.62
2023-06-07 07:30:00,12.369321507352216,15.21,11.61
2023-06-07 07:40:00,12.369321507352216,15.18,11.69
2023-06-07 07:50:00,12.369321507352216,15.15,11.67
2023-06-07 08:00:00,12.269941305659792,15.15,11.61
2023-06-07 08:10:00,12.269941305659792,15.15,11.52
2023-06-07 08:20:00,12.269941305659792,15.12,11.54
2023-06-07 08:30:00,12.269941305659792,15.12,11.49
2023-06-07 08:40:00,12.269941305659792,15.12,11.57
2023-06-07 08:50:00,12.269941305659792,15.12,11.56
2023-06-07 09:00:00,12.275407768876216,15.12,11.57
2023-06-07 09:10:00,12.275407768876216,15.09,11.51
2023-06-07 09:20:00,12.275407768876216,15.12,11.71
2023-06-07 09:30:00,12.275407768876216,15.15,11.58
2023-06-07 09:40:00,12.275407768876216,15.21,11.61
2023-06-07 09:50:00,12.275407768876216,15.18,11.54
2023-06-07 10:00:00,12.313422396732056,15.18,11.74
2023-06-07 10:10:00,12.313422396732056,15.18,11.66
2023-06-07 10:20:00,12.313422396732056,15.15,11.61
2023-06-07 10:30:00,12.313422396732056,15.12,11.72
2023-06-07 10:40:00,12.313422396732056,15.12,11.73
2023-06-07 10:50:00,12.313422396732056,15.15,11.79
2023-06-07 11:00:00,12.209920875941693,15.154285714285717,11.66
2023-06-07 11:10:00,12.209920875941693,15.15857142857143,11.67
2023-06-07 11:20:00,12.209920875941693,15.162857142857144,11.69
2023-06-07 11:30:00,12.209920875941693,15.167142857142856,11.76
2023-06-07 11:40:00,12.209920875941693,15.17142857142857,11.77
2023-06-07 11:50:00,12.209920875941693,15.175714285714283,11.71
2023-06-07 12:00:00,12.250579117251345,15.18,11.79
2023-06-07 12:10:00,12.250579117251345,15.18,11.91
2023-06-07 12:20:00,12.250579117251345,15.21,11.88
2023-06-07 12:30:00,12.250579117251345,15.24,11.93
2023-06-07 12:40:00,12.250579117251345,15.27,11.82
2023-06-07 12:50:00,12.250579117251345,15.3,11.8
2023-06-07 13:00:00,12.361522185435648,15.33,12.03
2023-06-07 13:10:00,12.361522185435648,15.3,11.94
2023-06-07 13:20:00,12.361522185435648,15.3,11.77
2023-06-07 13:30:00,12.361522185435648,15.3,11.63
2023-06-07 13:40:00,12.361522185435648,15.3,11.53
2023-06-07 13:50:00,12.361522185435648,15.33,11.52
2023-06-07 14:00:00,12.427765760092491,15.33,11.55
2023-06-07 14:10:00,12.427765760092491,15.36,11.6
2023-06-07 14:20:00,12.427765760092491,15.39,11.61
2023-06-07 14:30:00,12.427765760092491,15.42,11.6
2023-06-07 14:40:00,12.427765760092491,15.45,11.49
2023-06-07 14:50:00,12.427765760092491,15.48,11.51
2023-06-07 15:00:00,12.310529044598812,15.6,11.44
2023-06-07 15:10:00,12.310529044598812,15.76,11.53
2023-06-07 15:20:00,12.310529044598812,15.91,11.44
2023-06-07 15:30:00,12.310529044598812,16.06,11.45
2023-06-07 15:40:00,12.310529044598812,16.18,11.38
2023-06-07 15:50:00,12.310529044598812,16.3,11.36
2023-06-07 16:00:00,12.381315146579803,16.39,11.23
2023-06-07 16:10:00,12.381315146579803,16.48,11.08
2023-06-07 16:20:00,12.381315146579803,16.54,11.08
2023-06-07 16:30:00,12.381315146579803,16.63,11.07
2023-06-07 16:40:00,12.381315146579803,16.72,11.06
2023-06-07 16:50:00,12.381315146579803,16.81,10.98
2023-06-07 17:00:00,12.40603752734892,16.9,10.88
2023-06-07 17:10:00,12.40603752734892,16.96,10.91
2023-06-07 17:20:00,12.40603752734892,17.02,10.79
2023-06-07 17:30:00,12.40603752734892,17.08,10.78
2023-06-07 17:40:00,12.40603752734892,17.14,10.77
2023-06-07 17:50:00,12.40603752734892,17.17,10.73
2023-06-07 18:00:00,12.48948090953802,17.23,10.71
2023-06-07 18:10:00,12.48948090953802,17.29,10.68
2023-06-07 18:20:00,12.48948090953802,17.32,10.63
2023-06-07 18:30:00,12.48948090953802,17.38,10.55
2023-06-07 18:40:00,12.48948090953802,17.38,10.39
2023-06-07 18:50:00,12.48948090953802,17.41,10.47
2023-06-07 19:00:00,12.60023588863463,17.44,10.4
2023-06-07 19:10:00,12.60023588863463,17.47,10.4
2023-06-07 19:20:00,12.60023588863463,17.47,10.33
2023-06-07 19:30:00,12.60023588863463,17.5,10.31
2023-06-07 19:40:00,12.60023588863463,17.5,10.33
2023-06-07 19:50:00,12.60023588863463,17.5,10.34
2023-06-07 20:00:00,12.6113334695653,17.47,10.34
2023-06-07 20:10:00,12.6113334695653,17.47,10.25
2023-06-07 20:20:00,12.6113334695653,17.47,10.1
2023-06-07 20:30:00,12.6113334695653,17.47,10.1
2023-06-07 20:40:00,12.6113334695653,17.5,10.27
2023-06-07 20:50:00,12.6113334695653,17.496666666666666,10.09
2023-06-07 21:00:00,12.494316243889507,17.493333333333332,10.05
2023-06-07 21:10:00,12.494316243889507,17.49,10.01
2023-06-07 21:20:00,12.494316243889507,17.486666666666665,10.05
2023-06-07 21:30:00,12.494316243889507,17.483333333333334,9.95
2023-06-07 21:40:00,12.494316243889507,17.48,9.87
2023-06-07 21:50:00,12.494316243889507,16.482585161947878,9.94
2023-06-07 22:00:00,12.47499468698504,16.504929880615013,10.21
2023-06-07 22:10:00,12.47499468698504,17.47,10.14
2023-06-07 22:20:00,12.47499468698504,17.47,10.05
2023-06-07 22:30:00,12.47499468698504,17.47,10.19
2023-06-07 22:40:00,12.47499468698504,17.47,10.16
2023-06-07 22:50:00,12.47499468698504,17.47,10.18
2023-06-07 23:00:00,12.51199246465036,17.44,10.17
2023-06-07 23:10:00,12.51199246465036,17.44,10.1
2023-06-07 23:20:00,12.51199246465036,17.44,10.11
2023-06-07 23:30:00,12.51199246465036,17.44,9.99
2023-06-07 23:40:00,12.51199246465036,17.44,10.02
2023-06-07 23:50:00,12.51199246465036,17.41,10.04
2023-06-08 00:00:00,12.5570950577783,17.38,9.96
2023-06-08 00:10:00,12.5570950577783,17.38,9.94
2023-06-08 00:20:00,12.5570950577783,17.35,9.94
2023-06-08 00:30:00,12.5570950577783,17.35,9.93
2023-06-08 00:40:00,12.5570950577783,17.32,9.99
2023-06-08 00:50:00,12.5570950577783,17.29,9.87
2023-06-08 01:00:00,12.666347197106692,17.29,9.95
2023-06-08 01:10:00,12.666347197106692,17.26,10.3
2023-06-08 01:20:00,12.666347197106692,17.26,10.57
2023-06-08 01:30:00,12.666347197106692,17.26,10.64
2023-06-08 01:40:00,12.666347197106692,17.26,10.72
2023-06-08 01:50:00,12.666347197106692,17.23,10.89
2023-06-08 02:00:00,12.595526021226956,17.23,10.96
2023-06-08 02:10:00,12.595526021226956,17.23,11.03
2023-06-08 02:20:00,12.595526021226956,17.23,11.02
2023-06-08 02:30:00,12.595526021226956,17.23,11.0
2023-06-08 02:40:00,12.595526021226956,17.23,10.97
2023-06-08 02:50:00,12.595526021226956,17.11,10.94
2023-06-08 03:00:00,12.486378854252695,16.75,10.97
2023-06-08 03:10:00,9.5,16.45,10.94
2023-06-08 03:20:00,9.51,16.24,10.9
2023-06-08 03:30:00,9.5,16.15,10.87
2023-06-08 03:40:00,9.52,16.06,10.9
2023-06-08 03:50:00,9.51,16.0,10.89
2023-06-08 04:00:00,9.509642857142858,15.94,10.86
2023-06-08 04:10:00,9.509285714285712,15.88,10.9
2023-06-08 04:20:00,9.508928571428571,15.82,10.88
2023-06-08 04:30:00,9.508571428571427,15.79,10.89
2023-06-08 04:40:00,9.508214285714285,15.79,10.89
2023-06-08 04:50:00,9.507857142857144,15.76,10.9
2023-06-08 05:00:00,12.327384372481427,15.73,10.85
2023-06-08 05:10:00,12.327384372481427,15.7,10.88
2023-06-08 05:20:00,12.327384372481427,15.67,10.87
2023-06-08 05:30:00,12.327384372481427,15.6,10.89
2023-06-08 05:40:00,12.327384372481427,15.51,10.89
2023-06-08 05:50:00,12.327384372481427,15.42,10.9
2023-06-08 06:00:00,12.263253968253968,15.36,10.92
2023-06-08 06:10:00,12.263253968253968,15.33,10.96
2023-06-08 06:20:00,12.263253968253968,15.3,10.99
2023-06-08 06:30:00,12.263253968253968,15.24,11.03
2023-06-08 06:40:00,12.263253968253968,15.21,11.07
2023-06-08 06:50:00,12.263253968253968,15.18,11.13
2023-06-08 07:00:00,12.369321507352216,15.15,11.19
2023-06-08 07:10:00,12.369321507352216,15.12,11.27
2023-06-08 07:20:00,12.369321507352216,15.09,11.34
2023-06-08 07:30:00,12.369321507352216,15.06,11.44
2023-06-08 07:40:00,12.369321507352216,15.06,11.46
2023-06-08 07:50:00,12.369321507352216,15.03,11.53
2023-06-08 08:00:00,12.269941305659792,15.0,11.52
2023-06-08 08:10:00,12.269941305659792,15.0,11.52
2023-06-08 08:20:00,12.269941305659792,14.97,11.41
2023-06-08 08:30:00,12.269941305659792,14.974285714285717,11.35
2023-06-08 08:40:00,12.269941305659792,14.97857142857143,11.2
2023-06-08 08:50:00,12.269941305659792,14.982857142857144,11.27
2023-06-08 09:00:00,12.275407768876216,14.987142857142857,11.38
2023-06-08 09:10:00,12.275407768876216,14.991428571428573,11.45
2023-06-08 09:20:00,12.275407768876216,14.995714285714286,11.38
2023-06-08 09:30:00,12.275407768876216,15.0,11.35
2023-06-08 09:40:00,12.275407768876216,15.03,11.39
2023-06-08 09:50:00,12.275407768876216,15.03,11.42
2023-06-08 10:00:00,12.313422396732056,15.03,11.58
2023-06-08 10:10:00,12.313422396732056,15.03,11.68
2023-06-08 10:20:00,12.313422396732056,15.06,11.8
2023-06-08 10:30:00,12.313422396732056,15.09,11.95
2023-06-08 10:40:00,12.313422396732056,15.09,11.96
2023-06-08 10:50:00,12.313422396732056,15.15,12.1
2023-06-08 11:00:00,12.209920875941693,15.18,12.35
2023-06-08 11:10:00,12.209920875941693,15.21,12.64
2023-06-08 11:20:00,12.209920875941693,15.24,12.73
2023-06-08 11:30:00,12.209920875941693,15.24,12.45
2023-06-08 11:40:00,12.209920875941693,15.27,12.68
2023-06-08 11:50:00,12.209920875941693,15.3,12.5
2023-06-08 12:00:00,12.250579117251345,15.36,12.32
2023-06-08 12:10:00,12.250579117251345,15.42,12.7
2023-06-08 12:20:00,12.250579117251345,15.51,13.03
2023-06-08 12:30:00,12.250579117251345,15.6,13.15
2023-06-08 12:40:00,12.250579117251345,15.85,13.57
2023-06-08 12:50:00,12.250579117251345,16.09,13.24
2023-06-08 13:00:00,12.361522185435648,16.18,13.41
2023-06-08 13:10:00,9.49,16.33,13.38
2023-06-08 13:20:00,9.51,16.51,13.69
2023-06-08 13:30:00,9.508333333333333,16.72,13.88
2023-06-08 13:40:00,9.506666666666666,16.9,13.8
2023-06-08 13:50:00,9.505,17.05,13.97
2023-06-08 14:00:00,9.503333333333334,17.04,13.836666666666668
2023-06-08 14:10:00,9.501666666666669,17.03,13.703333333333331
2023-06-08 14:20:00,9.5,17.02,13.57
2023-06-08 14:30:00,12.427765760092491,17.009999999999998,13.436666666666667
2023-06-08 14:40:00,12.427765760092491,17.0,13.303333333333333
2023-06-08 14:50:00,12.427765760092491,16.99,13.17
2023-06-08 15:00:00,12.310529044598812,16.945,12.775
2023-06-08 15:10:00,12.310529044598812,16.9,12.38
2023-06-08 15:20:00,12.310529044598812,17.02,12.13
2023-06-08 15:30:00,12.310529044598812,17.095,12.43
2023-06-08 15:40:00,12.310529044598812,17.17,12.73
2023-06-08 15:50:00,12.310529044598812,17.2,12.95
2023-06-08 16:00:00,12.381315146579803,17.26,12.31
2023-06-08 16:10:00,12.381315146579803,17.8,12.53
2023-06-08 16:20:00,9.48,18.03,11.98
2023-06-08 16:30:00,9.479895833333334,18.01,12.02
2023-06-08 16:40:00,9.479791666666667,18.066666666666663,12.06
2023-06-08 16:50:00,9.4796875,18.12333333333333,12.1
2023-06-08 17:00:00,9.479583333333334,18.18,12.14
2023-06-08 17:10:00,9.479479166666668,18.3,12.08
2023-06-08 17:20:00,9.479375,18.33,11.63
