date,t,ff1,gust,dd
2023-06-01 17:30:00,14.76,10.2,11.0,260.9
2023-06-01 18:30:00,14.4,9.32,10.5,271.8
2023-06-01 19:30:00,13.75,7.92,8.8,273.4
2023-06-01 20:30:00,13.28,6.85,7.5,281.9
2023-06-01 21:30:00,12.75,6.01,6.9,286.2
2023-06-01 22:30:00,13.92,5.65,7.5,1.2
2023-06-01 23:30:00,13.72,8.35,9.3,354.7
2023-06-02 00:30:00,13.39,9.8,11.0,359.2
2023-06-02 01:30:00,12.69,9.94,11.1,17.0
2023-06-02 02:30:00,12.79,6.17,6.8,52.2
2023-06-02 03:30:00,12.63,9.8,10.7,43.7
2023-06-02 04:30:00,12.36,10.8,11.7,67.8
2023-06-02 05:30:00,12.25,11.34,12.7,64.2
2023-06-02 06:30:00,12.16,11.44,12.4,69.3
2023-06-02 07:30:00,12.29,9.13,10.4,73.0
2023-06-02 08:30:00,12.49,8.77,9.6,73.1
2023-06-02 09:30:00,12.9,9.0,10.0,74.3
2023-06-02 10:30:00,13.4,6.8,7.3,73.0
2023-06-02 11:30:00,13.73,4.63,5.3,64.0
2023-06-02 12:30:00,14.01,3.21,3.7,65.9
2023-06-02 13:30:00,14.33,4.93,5.4,73.3
2023-06-02 14:30:00,14.41,3.9,4.2,61.8
2023-06-02 15:30:00,14.72,1.11,1.4,98.8
2023-06-02 16:30:00,14.91,1.29,1.7,169.9
2023-06-02 17:30:00,15.34,1.41,2.9,43.1
2023-06-02 18:30:00,14.8,10.03,11.0,39.5
2023-06-02 19:30:00,14.52,9.8,10.7,37.8
2023-06-02 20:30:00,14.17,7.81,8.5,53.3
2023-06-02 21:30:00,14.2,6.33,6.8,74.0
2023-06-02 22:30:00,14.1,6.66,7.5,71.4
2023-06-02 23:30:00,13.8,4.96,5.4,70.0
2023-06-03 00:30:00,13.23,3.19,4.1,36.0
2023-06-03 01:30:00,13.23,3.05,3.3,23.8
2023-06-03 02:30:00,13.2,2.74,3.3,28.9
2023-06-03 03:30:00,13.3,3.19,3.8,34.0
2023-06-03 04:30:00,13.56,3.2,3.8,23.6
2023-06-03 05:30:00,14.76,2.94,3.5,45.7
2023-06-03 06:30:00,14.91,2.8,3.6,54.8
2023-06-03 07:30:00,14.6,2.34,2.9,67.9
2023-06-03 08:30:00,14.84,2.6,3.0,61.1
2023-06-03 09:30:00,14.38,2.5,3.1,69.5
2023-06-03 10:30:00,14.25,2.39,3.0,83.5
2023-06-03 11:30:00,14.31,2.99,3.5,95.6
2023-06-03 12:30:00,14.6,3.84,4.2,96.6
2023-06-03 13:30:00,15.06,5.34,6.0,110.4
2023-06-03 14:30:00,15.44,5.11,5.9,117.1
2023-06-03 15:30:00,15.6,5.01,5.7,112.3
2023-06-03 16:30:00,15.77,5.0,5.6,136.6
2023-06-03 17:30:00,15.66,3.38,3.7,126.6
2023-06-03 18:30:00,15.97,3.3,3.7,139.6
2023-06-03 19:30:00,15.62,1.82,2.8,13.3
2023-06-03 20:30:00,15.4,4.24,5.3,332.8
2023-06-03 21:30:00,14.56,4.19,4.7,299.7
2023-06-03 22:30:00,13.71,6.24,7.1,320.7
2023-06-03 23:30:00,12.46,6.05,6.9,315.6
2023-06-04 00:30:00,11.84,3.84,5.2,302.6
2023-06-04 01:30:00,11.26,5.94,7.4,311.1
2023-06-04 02:30:00,11.03,5.33,6.8,321.9
2023-06-04 03:30:00,10.9,5.96,7.2,329.5
2023-06-04 04:30:00,11.48,5.38,6.3,343.6
2023-06-04 05:30:00,12.43,5.09,6.7,320.0
2023-06-04 06:30:00,12.34,5.63,7.2,324.1
2023-06-04 07:30:00,13.33,3.92,5.8,319.6
2023-06-04 08:30:00,14.86,1.97,3.0,311.4
2023-06-04 09:30:00,13.59,1.4,2.4,26.1
2023-06-04 10:30:00,13.76,2.47,3.2,41.0
2023-06-04 11:30:00,13.42,2.84,3.8,50.1
2023-06-04 12:30:00,13.0,5.16,6.9,20.7
2023-06-04 13:30:00,13.04,6.23,7.4,6.9
2023-06-04 14:30:00,13.14,6.4,7.7,10.6
2023-06-04 15:30:00,14.79,4.04,4.6,349.6
2023-06-04 16:30:00,15.89,2.9,3.8,291.1
2023-06-04 17:30:00,16.6,2.46,3.0,311.0
2023-06-04 18:30:00,15.7,4.11,4.4,272.7
2023-06-04 19:30:00,15.7,4.41,4.7,264.9
2023-06-04 20:30:00,15.47,4.91,5.4,289.0
2023-06-04 21:30:00,14.09,6.17,6.9,325.0
2023-06-04 22:30:00,13.05,6.51,8.0,331.4
2023-06-04 23:30:00,12.46,5.58,7.0,323.1
2023-06-05 00:30:00,11.79,5.04,6.2,309.8
2023-06-05 01:30:00,11.36,4.8,6.1,311.0
2023-06-05 02:30:00,11.12,4.31,5.8,312.4
2023-06-05 03:30:00,11.01,3.69,4.6,305.2
2023-06-05 04:30:00,11.45,3.48,4.9,311.5
2023-06-05 05:30:00,11.54,3.62,5.1,330.1
2023-06-05 06:30:00,11.94,3.89,5.0,336.1
2023-06-05 07:30:00,14.0,2.71,4.1,306.1
2023-06-05 08:30:00,14.55,2.79,3.8,343.6
2023-06-05 09:30:00,13.79,2.1,2.6,8.4
2023-06-05 10:30:00,14.28,2.23,2.8,27.6
2023-06-05 11:30:00,15.26,2.61,3.4,41.8
2023-06-05 12:30:00,15.54,3.24,3.8,48.6
2023-06-05 13:30:00,16.0,4.45,5.0,48.5
2023-06-05 14:30:00,15.83,4.64,5.3,51.1
2023-06-05 15:30:00,15.87,3.6,4.0,74.7
2023-06-05 16:30:00,16.01,2.87,3.1,95.6
2023-06-05 17:30:00,16.19,2.04,2.6,118.9
2023-06-05 18:30:00,16.22,2.35,2.5,149.5
2023-06-05 19:30:00,16.91,1.64,2.1,167.1
2023-06-05 20:30:00,17.38,1.57,1.6,204.3
2023-06-05 21:30:00,16.85,1.52,2.5,262.9
2023-06-05 22:30:00,16.36,4.76,5.3,348.6
2023-06-05 23:30:00,14.91,5.59,6.1,338.4
2023-06-06 00:30:00,14.3,5.09,5.8,334.0
2023-06-06 01:30:00,13.86,4.96,5.7,336.4
2023-06-06 02:30:00,13.5,3.61,4.7,311.4
2023-06-06 03:30:00,13.15,4.52,5.7,311.6
2023-06-06 04:30:00,13.2,5.83,6.8,330.9
2023-06-06 05:30:00,13.27,6.99,7.9,335.7
2023-06-06 06:30:00,13.64,6.4,7.3,337.6
2023-06-06 07:30:00,12.56,6.38,7.4,337.6
2023-06-06 08:30:00,12.38,5.36,6.3,345.6
2023-06-06 09:30:00,12.92,3.31,4.1,353.1
2023-06-06 10:30:00,14.22,2.09,2.6,0.7
2023-06-06 11:30:00,14.6,1.83,2.4,80.4
2023-06-06 12:30:00,15.27,3.03,3.5,64.6
2023-06-06 13:30:00,15.51,3.07,3.4,74.6
2023-06-06 14:30:00,16.34,4.13,4.6,46.0
2023-06-06 15:30:00,16.67,2.73,3.2,40.3
2023-06-06 16:30:00,18.2,1.91,2.1,26.1
2023-06-06 17:30:00,18.03,1.13,1.8,41.9
2023-06-06 18:30:00,17.6,1.83,2.5,21.7
2023-06-06 19:30:00,17.47,2.72,4.0,294.0
2023-06-06 20:30:00,16.43,6.2,6.8,298.0
2023-06-06 21:30:00,14.6,6.73,7.2,297.4
2023-06-06 22:30:00,13.21,6.75,7.3,294.0
2023-06-06 23:30:00,12.07,5.53,6.2,282.6
2023-06-07 00:30:00,11.5,5.91,7.0,291.8
2023-06-07 01:30:00,11.3,5.77,6.7,289.5
2023-06-07 02:30:00,10.98,6.06,7.3,294.8
2023-06-07 03:30:00,9.57,4.89,6.2,291.4
2023-06-07 04:30:00,9.8,5.84,7.1,281.1
2023-06-07 05:30:00,10.17,4.15,6.0,250.4
2023-06-07 06:30:00,10.35,5.23,6.6,245.0
2023-06-07 07:30:00,10.75,5.0,6.6,268.1
2023-06-07 08:30:00,11.95,3.91,5.2,286.5
2023-06-07 09:30:00,15.45,3.51,4.7,310.0
2023-06-07 10:30:00,15.36,1.62,2.4,34.5
2023-06-07 11:30:00,15.52,2.55,3.3,50.9
2023-06-07 12:30:00,15.12,3.91,4.7,42.1
2023-06-07 13:30:00,14.64,3.5,4.2,68.0
2023-06-07 14:30:00,14.76,3.11,3.6,72.3
2023-06-07 15:30:00,15.36,3.14,3.8,52.9
2023-06-07 16:30:00,15.39,2.41,2.9,80.9
2023-06-07 17:30:00,15.73,1.71,2.1,85.0
2023-06-07 18:30:00,15.69,1.4,1.8,80.6
2023-06-07 19:30:00,15.7,0.45,0.7,90.0
2023-06-07 20:30:00,16.03,5.76,6.4,277.3
2023-06-07 21:30:00,14.04,6.19,7.0,297.1
2023-06-07 22:30:00,12.5,6.35,7.4,290.8
2023-06-07 23:30:00,11.32,5.99,6.9,293.8
2023-06-08 00:30:00,10.29,5.08,7.0,293.1
2023-06-08 01:30:00,10.57,3.79,5.0,275.1
2023-06-08 02:30:00,9.94,4.58,6.3,261.4
2023-06-08 03:30:00,9.13,4.19,5.5,260.1
2023-06-08 04:30:00,9.32,5.4,6.8,253.1
2023-06-08 05:30:00,9.72,5.06,6.7,284.1
2023-06-08 06:30:00,9.74,4.44,6.0,280.6
2023-06-08 07:30:00,10.0,3.5,5.5,300.7
2023-06-08 08:30:00,11.85,3.75,5.2,296.5
2023-06-08 09:30:00,13.89,3.35,5.1,329.0
2023-06-08 10:30:00,13.61,2.77,3.8,352.1
2023-06-08 11:30:00,14.94,1.54,2.4,54.9
2023-06-08 12:30:00,16.22,1.82,2.4,50.0
2023-06-08 13:30:00,17.34,2.03,2.6,46.7
2023-06-08 14:30:00,16.4,3.32,3.8,78.5
2023-06-08 15:30:00,17.22,3.13,3.6,100.3
2023-06-08 16:30:00,17.86,2.52,3.0,115.9
